№,ID,Адрес,Метро,Часы работы,Широта (WGS84),Долгота (WGS84),Широта,Долгота
1,670028,"ул. Серафимовича, 2","Кропоткинская, Боровицкая, Полянка",пн-вс 9:00 - 22:05,55.7431286,37.6141037,55.7431286,37.6141037
2,831306,"пер. Печатников, 3","Цветной бульвар, Трубная, Сретенский бульвар",пн-вс 8:00 - 22:05,55.7675552,37.6250541,55.7675552,37.6250541
4,3728169,"ул. Садовническая, 29","Новокузнецкая, Третьяковская",пн-вс 9:00 - 22:05,55.7461669,37.636396,55.7461669,37.636396
8,3739007,"ул. Новый Арбат, 17","Арбатская (Голубая ветка), Смоленская",пн-вс 9:00 - 23:00,55.7520134,37.5911019,55.7520134,37.5911019
9,4206962,"наб. Котельническая, 1/15","Китай-город, Таганская",пн-вс 9:00 - 22:05,55.7478469,37.6430372,55.7478469,37.6430372
10,3802098,"пер. Серебрянический, 8","Китай-город, Таганская",пн-вс 9:00 - 22:05,55.7501864,37.6470037,55.7501864,37.6470037
11,3817326,"ул. Садовая-Самотечная, 9","Цветной бульвар, Сухаревская, Трубная",пн-вс 9:00 - 22:05,55.7739253,37.6165679,55.7739253,37.6165679
13,4171478,"ул. Большая Якиманка, 19","Полянка, Октябрьская, Третьяковская",пн-вс 9:00 - 22:05,55.7374036,37.6154471,55.7374036,37.6154471
14,2381514,"пер. Подсосенский, 3","Курская, Чкаловская (МСК)",пн-вс 9:00 - 22:05,55.7589155,37.6509901,55.7589155,37.6509901
15,3765170,"ул. Композиторская, 17","Смоленская, Арбатская (Голубая ветка)",пн-вс 9:00 - 22:05,55.7510572,37.5857332,55.7510572,37.5857332
19,3804095,"ул. Краснопролетарская, 7","Новослободская, Достоевская, Маяковская (МСК)",пн-вс 9:00 - 22:05,55.7747542,37.6066979,55.7747542,37.6066979
20,1137201,"пер. Лялин, 22","Курская, Чкаловская (МСК)",пн-вс 9:00 - 22:05,55.7575967,37.6525935,55.7575967,37.6525935
22,4261179,"ул. Новый Арбат, 25","Смоленская, Баррикадная",пн-вс 9:00 - 22:05,55.7519035,37.5809371,55.7519035,37.5809371
23,2133183,"ул. Фадеева, 5","Маяковская (МСК), Новослободская, Менделеевская, Пушкинская, Тверская, Чеховская, Цветной бульвар, Трубная, Баррикадная, Достоевская",пн-вс 9:00 - 22:05,55.7747479,37.5981672,55.7747479,37.5981672
24,3743486,"пер. 1-й Самотёчный, 16","Достоевская, Цветной бульвар, Новослободская",пн-вс 9:00 - 22:05,55.7776339,37.6127936,55.7776339,37.6127936
25,378885,"наб. Котельническая, 33/1","Таганская, Маркситская",пн-вс 9:00 - 22:05,55.7464029,37.6413119,55.7464029,37.6413119
26,628315,"ул. Садовая-Черногрязская, 11/2","Красные ворота, Курская",пн-вс 9:00 - 22:05,55.7660686,37.6540366,55.7660686,37.6540366
29,2035182,"ул. Александра Невского, 1","Белорусская, Маяковская (МСК), Менделеевская, Новослободская, Достоевская, Пушкинская, Чеховская, Тверская, Баррикадная",пн-вс 9:00 - 22:05,55.7750364,37.5926012,55.7750364,37.5926012
30,3796316,"ул. Нижняя Радищевская, 5","Таганская, Маркситская",пн-вс 9:00 - 22:05,55.7420528,37.6531934,55.7420528,37.6531934
31,1009759,"пер. Астраханский, 1/15","Проспект Мира, Сухаревская",пн-вс 9:00 - 22:05,55.7777503,37.6400672,55.7777503,37.6400672
32,1494085,"ул. Народная, 4","Таганская, Маркситская",пн-вс 9:00 - 22:05,55.7393889,37.6516389,55.7393889,37.6516389
34,2165702,"пер. 1-й Неопалимовский, 15/7","Киевская, Смоленская, Парк Культуры, Кропоткинская",пн-вс 9:00 - 22:05,55.7407603,37.5794467,55.7407603,37.5794467
35,1227102,"ул. Новорязанская, 2/7","Комсомольская, Красные ворота",пн-вс 8:00 - 22:05,55.7715365,37.6550532,55.7715365,37.6550532
36,3784525,"ул. Большая Спасская, 35","Комсомольская, Красные ворота",пн-вс 9:00 - 22:05,55.7769174,37.6467801,55.7769174,37.6467801
37,4272920,"ул. Грузинский Вал, 28/45","Белорусская, Маяковская (МСК)",пн-вс 9:00 - 22:05,55.7750456,37.5830733,55.7750456,37.5830733
39,4239997,"ул. Кожевническая, 1","Павелецкая, Серпуховская",пн-вс 9:00 - 22:05,55.7309423,37.6415072,55.7309423,37.6415072
41,2141109,"Фрунзенская набережная, 14","Парк Культуры, Фрунзенская (МСК), Спортивная, Кропоткинская, Октябрьская",пн-вс 8:00 - 22:05,55.7309515,37.5932368,55.7309515,37.5932368
43,3733411,"ул. Марксистская, 5","Маркситская, Пролетарская (МСК), Крестьянская Застава",пн-вс 9:00 - 22:05,55.7371899,37.6638626,55.7371899,37.6638626
44,4290414,"ул. Большая Дорогомиловская, 1",Киевская,пн-вс 9:00 - 22:05,55.7457598,37.5619848,55.7457598,37.5619848
45,323623,"ул. Сергия Радонежского, 2","Площадь Ильича, Римская, Маркситская",пн-вс 9:00 - 22:05,55.746087,37.6707684,55.746087,37.6707684
48,3415820,ул. Гиляровского. 56,"Рижская, Проспект Мира",пн-вс 9:00 - 22:05,55.786761,37.6331286,55.786761,37.6331286
58,3766575,"ул. Ходынская, 8","Улица 1905 года, Беговая, Белорусская",пн-вс 9:00 - 22:05,55.770618,37.5614815,55.770618,37.5614815
59,2337516,"ул. Волочаевская, 18","Площадь Ильича, Римская, Курская",пн-вс 9:00 - 22:05,55.7547369,37.6800133,55.7547369,37.6800133
60,3084106,"ул. Краснопрудная, 22-24","Красносельская, Комсомольская",пн-вс 9:00 - 22:05,55.7787475,37.6651052,55.7787475,37.6651052
61,165714,"ул. Бутырский Вал, 52","Савёловская, Белорусская",пн-вс 9:00 - 22:05,55.7869065,37.5881742,55.7869065,37.5881742
63,3816649,"ул. Краснопрудная, 22-24","Красносельская, Комсомольская",пн-вс 9:00 - 22:05,55.7787475,37.6651052,55.7787475,37.6651052
64,1362637,"ул. Бауманская, 58А","Бауманская, Курская, Красносельская",пн-вс 9:00 - 22:05,55.7680684,37.6785313,55.7680684,37.6785313
65,4665715,"ул. Нижегородская, 1А","Пролетарская (МСК), Римская",пн-вс 9:00 - 22:05,55.7392083,37.6749753,55.7392083,37.6749753
66,2737933,"проезд Жуков, 21 Б","Павелецкая, Серпуховская",пн-вс 9:00 - 22:05,55.7226294,37.6460045,55.7226294,37.6460045
67,4261735,"ул. Нижняя Красносельская, 45/17","Бауманская, Красносельская, Комсомольская",пн-вс 9:00 - 22:05,55.7731551,37.6756698,55.7731551,37.6756698
70,3741294,"ул. Нижегородская, 4, к. 1","Пролетарская (МСК), Площадь Ильича, Крестьянская Застава",пн-вс 9:00 - 22:05,55.5901037,38.141952,55.5901037,38.141952
71,3157842,"ул. Сергея Макеева, 6","Улица 1905 года, Деловой центр, Шелепиха",пн-вс 9:00 - 22:05,55.7600763,37.5509947,55.7600763,37.5509947
72,2139460,"ул. Сущевский Вал, 41","Марьина Роща, Савёловская",пн-вс 9:00 - 22:05,55.7934698,37.6082443,55.7934698,37.6082443
74,4195162,"ул. Люсиновская, 64","Тульская, Шаболовская, Серпуховская",пн-вс 9:00 - 22:05,55.7172502,37.6219789,55.7172502,37.6219789
75,3672137,"ул. 1-я Ямская, 6","Марьина Роща, Рижская",пн-вс 9:00 - 22:05,55.7719597,37.5932407,55.7719597,37.5932407
76,165717,"ул. Дубининская, 84","Серпуховская, Тульская, Павелецкая",пн-вс 9:00 - 22:05,55.7176461,37.6334006,55.7176461,37.6334006
77,1062615,"ул. Люсиновская, 68","Шаболовская, Тульская, Серпуховская",пн-вс 9:00 - 22:05,55.7157578,37.6219054,55.7157578,37.6219054
78,3847847,"ул. Мытная, 56","Шаболовская, Тульская",пн-вс 9:00 - 22:05,55.7157289,37.6195984,55.7157289,37.6195984
79,3198947,"ш. Энтузиастов, 1к2","Площадь Ильича, Римская",пн-вс 9:00 - 22:05,55.7481405,37.6886328,55.7481405,37.6886328
81,3745045,"ул. Нижняя Масловка, 5","Савёловская, Менделеевская",пн-вс 9:00 - 22:05,55.7916813,37.5833674,55.7916813,37.5833674
83,389990,"ул. Беговая, 32","Динамо, Петровский парк, Беговая",пн-вс 9:00 - 22:05,55.7828118,37.5627182,55.7828118,37.5627182
85,3699155,"ул. Симоновский Вал, 16","Пролетарская (МСК), Дубровка, Крестьянская Застава",пн-вс 9:00 - 22:05,55.7230031,37.6629137,55.7230031,37.6629137
87,4248983,"ул. Виктора Маслова, 2","Автозаводская, Дубровка",пн-вс 9:00 - 22:05,55.7189433,37.6573005,55.7189433,37.6573005
88,3155940,"ул. Шаболовка, 50","Шаболовская, Тульская, Ленинский проспект",пн-вс 9:00 - 22:05,55.7137812,37.6055028,55.7137812,37.6055028
90,2657077,"ул. Симоновский Вал, 15","Дубровка, Пролетарская (МСК), Крестьянская Застава",пн-вс 9:00 - 22:05,55.7220007,37.6645019,55.7220007,37.6645019
91,4216145,"ул. Сокольнический Вал, 1","Рижская, Сокольники",пн-вс 9:00 - 22:05,55.7926173,37.6580489,55.7926173,37.6580489
94,4275594,"ул. Бутырская, 6","Савёловская, Дмитровская",пн-вс 9:00 - 22:05,55.7958462,37.584991,55.7958462,37.584991
97,2420523,"ул. Нижегородская, 17","Римская, Площадь Ильича, Пролетарская (МСК)",пн-вс 9:00 - 22:05,55.7377876,37.6896567,55.7377876,37.6896567
98,4216692,"пер. Центросоюзный, 4","Бауманская, Электрозаводская, Красносельская",пн-вс 9:00 - 22:05,55.7789957,37.6855002,55.7789957,37.6855002
100,1263747,"ул. Маленковская, 32/2","Сокольники, Красносельская, Комсомольская",пн-вс 9:00 - 22:05,55.7895572,37.6731008,55.7895572,37.6731008
103,1548981,"ул. Шарикоподшипниковская, 4","Дубровка, Волгоградский проспект",пн-вс 9:00 - 22:05,55.7201735,37.6714622,55.7201735,37.6714622
104,1261308,"ул. Орджоникидзе, 9","Ленинский проспект, Площадь Гагарина, Шаболовская",пн-вс 9:00 - 22:05,55.5145152,37.5720997,55.5145152,37.5720997
106,2375931,"ул. Велозаводская, 2","Дубровка, Автозаводская",пн-вс 9:00 - 22:05,55.717415,37.664554,55.717415,37.664554
107,4185131,"ул. Складочная, 2","Савёловская, Дмитровская",пн-вс 9:00 - 22:05,55.8020662,37.5979156,55.8020662,37.5979156
110,3134200,"ул. Гастелло, 5а","Сокольники, Электрозаводская",пн-вс 9:00 - 22:05,55.784878,37.6870941,55.784878,37.6870941
111,3746634,"пер. Ослябинский, 3","Автозаводская, Дубровка",пн-вс 9:00 - 22:05,55.7131672,37.6603865,55.7131672,37.6603865
112,4298786,"ул. Шарикоподшипниковская, 18","Дубровка, Волгоградский проспект",пн-вс 9:00 - 22:05,55.7185883,37.6745337,55.7185883,37.6745337
117,3203341,"ул. Душинская, 3с13","Авиамоторная, Площадь Ильича",пн-вс 9:00 - 22:05,55.7466556,37.7053498,55.7466556,37.7053498
122,4168670,"ш. Старомарьинское, 20","Алексеевская, Бутырская, Марьина Роща, Дмитровская",пн-вс 9:00 - 22:05,55.8063041,37.6129886,55.8063041,37.6129886
125,4256257,"ул. Башиловская, 21","Дмитровская, Савёловская",пн-вс 9:00 - 22:05,55.8013661,37.5747214,55.8013661,37.5747214
126,3676002,"ул. Большая Почтовая, 32","Электрозаводская, Бауманская",пн-вс 9:00 - 22:05,55.7800053,37.7001117,55.7800053,37.7001117
127,1457033,"ул. Велозаводская, 9","Дубровка, Автозаводская",пн-вс 9:00 - 22:05,55.7123768,37.6664421,55.7123768,37.6664421
128,836102,"ул. Автозаводская, 4","Автозаводская, Дубровка",пн-вс 9:00 - 22:05,55.7100337,37.662754,55.7100337,37.662754
130,665353,"ул. Юннатов, 7","Динамо, Петровский парк, Савёловская",пн-вс 9:00 - 22:05,55.7986283,37.5624057,55.7986283,37.5624057
131,4529257,"ул. Красноказарменная, 23","Авиамоторная, Лефортово",пн-вс 9:00 - 22:05,55.7537862,37.7137976,55.7537862,37.7137976
133,1788180,"ул. Бутырская, 84","Дмитровская, Савёловская",пн-вс 8:00 - 22:05,55.8062994,37.582628,55.8062994,37.582628
134,4289268,"ул. Крюковская, 23","Лефортово, Автозаводская",пн-вс 9:00 - 22:05,55.7694105,37.7110466,55.7694105,37.7110466
135,165715,"ул. Башиловская, 26","Дмитровская, Савёловская",пн-вс 9:00 - 22:05,55.8046239,37.5738474,55.8046239,37.5738474
138,3171965,"наб. Шелепихинская, 14","Шелепиха, Фили",пн-вс 9:00 - 22:05,55.7536724,37.5203972,55.7536724,37.5203972
139,4235262,"ул. Бутырская, 91","Дмитровская, Савёловская, Тимирязевская",пн-вс 9:00 - 22:05,55.8063168,37.5809441,55.8063168,37.5809441
141,1681692,"пер. Подъемный, 1","Нижегородская, Новохохловская",пн-вс 9:00 - 22:05,55.737154,37.7099251,55.737154,37.7099251
147,4545084,"ш. Энтузиастов, 22/18","Авиамоторная, Андроновка",пн-вс 9:00 - 22:05,55.7505643,37.7173823,55.7505643,37.7173823
148,3797582,"ул. Сторожевая, 31","Лефортово, Авиамоторная",пн-вс 9:00 - 22:05,55.7647986,37.7168314,55.7647986,37.7168314
153,1936653,"ш. Энтузиастов, 26","Авиамоторная, Андроновка",пн-вс 8:00 - 22:05,55.7517568,37.7273414,55.7517568,37.7273414
154,3699158,"ул. Короленко, 4/14","Сокольники, Преображенская площадь",пн-вс 9:00 - 22:05,55.7964957,37.6894792,55.7964957,37.6894792
157,4493957,"ул. Родченко, 2","ЗИЛ , Тульская",пн-вс 9:00 - 22:05,55.6976902,37.6307964,55.6976902,37.6307964
160,1026453,"пр-д Дмитровский, 4","Дмитровская, Тимирязевская",пн-вс 9:00 - 22:05,56.3270979,37.5221622,56.3270979,37.5221622
161,4208598,"ул. Пруд-Ключики, 5","Авиамоторная, Андроновка",пн-вс 9:00 - 22:05,55.749359,37.721321,55.749359,37.721321
163,4322260,"ш. Хорошевское, 82","Полежаевская, Хорошёвская, Хорошёво",пн-вс 9:00 - 22:05,55.7783125,37.5213824,55.7783125,37.5213824
164,9907,"ул. Руставели, 15","Бутырская, Улица Милашенкова, Фонвизинская",пн-вс 9:00 - 22:05,55.813745,37.5974763,55.813745,37.5974763
165,1582523,"ул. Авиамоторная, 51","Андроновка, Авиамоторная",пн-вс 8:00 - 22:05,55.7463437,37.7209615,55.7463437,37.7209615
166,4405200,"ул. Нижегородская, 76, к. 1",Нижегородская,пн-вс 9:00 - 22:05,55.5868803,38.1418807,55.5868803,38.1418807
167,1339223,"ул. Трофимова, 9","Автозаводская, Технопарк",пн-вс 9:00 - 22:05,55.7037129,37.6669837,55.7037129,37.6669837
170,2241259,"пер. Мажоров, 4","Электрозаводская, Семёновская, Преображенская площадь",пн-вс 9:00 - 22:05,55.7822841,37.7121671,55.7822841,37.7121671
172,1289304,"ул. Руставели, 1/2","Дмитровская, Тимирязевская, Бутырская",пн-вс 9:00 - 22:05,55.8128057,37.5831105,55.8128057,37.5831105
173,4480227,"ул. Маломосковская, 19","ВДНХ, Алексеевская, Выставочная",пн-вс 9:00 - 22:05,55.8132892,37.6484489,55.8132892,37.6484489
175,4198076,"ул. Куусинена, 1","Полежаевская, Хорошёвская, Хорошёво",пн-вс 9:00 - 22:05,55.7802354,37.5166764,55.7802354,37.5166764
176,1301455,"ул. Южнопортовая, 16","Кожуховская, Дубровка",пн-вс 8:00 - 22:05,55.7065847,37.6883373,55.7065847,37.6883373
179,1185369,"ул. Суворовская, 2/1","Семёновская, Преображенская площадь, Электрозаводская",пн-вс 9:00 - 22:05,55.7886803,37.7100757,55.7886803,37.7100757
180,1880261,"ул. Планетная улица, 27","Аэропорт, Петровский парк, Динамо, Сокол",пн-вс 9:00 - 22:05,55.8020023,37.545459,55.8020023,37.545459
184,4269947,"ул. Авиаконструктора Микояна, 12","ЦСКА, Аэропорт, Зорге МЦК",пн-вс 9:00 - 22:05,55.792516,37.5274647,55.792516,37.5274647
185,7890,"ул. Трофимова, 23","Кожуховская, Автозаводская, Дубровка",пн-вс 9:00 - 22:05,55.7030517,37.6777477,55.7030517,37.6777477
186,4584556,"ул. Нижняя Хохловка, 8",Нижегородская,пн-вс 9:00 - 22:05,55.7286712,37.719408,55.7286712,37.719408
189,3353420,"ул. Яблочкова, 6А",Тимирязевская,пн-вс 9:00 - 22:05,55.8158243,37.5823716,55.8158243,37.5823716
190,3867860,"ул. Коккинаки, 2","Аэропорт, Петровский парк, Динамо",пн-вс 9:00 - 22:05,55.8038658,37.5446387,55.8038658,37.5446387
191,2560044,"ул. Вельяминовская, 6","Семёновская, Электрозаводская, Преображенская площадь",пн-вс 9:00 - 22:05,55.7805286,37.7222382,55.7805286,37.7222382
192,165713,"ул. Преображенская, 5/7","Преображенская площадь, Электрозаводская, Сокольники",пн-вс 9:00 - 22:05,55.795897,37.7080516,55.795897,37.7080516
193,864231,"ул. Трофимова, 33","Кожуховская, Дубровка, Автозаводская",пн-вс 9:00 - 22:05,55.7036749,37.6835918,55.7036749,37.6835918
199,4277838,"ул. Суворовская, 20","Преображенская площадь, Семёновская, Электрозаводская",пн-вс 9:00 - 22:05,55.7929191,37.711644,55.7929191,37.711644
200,3483821,"ул. Вавилова, 27","Академическая, Ленинский проспект, Площадь Гагарина",пн-вс 9:00 - 22:05,55.6966333,37.5706713,55.6966333,37.5706713
202,4321137,"ул. Буракова, 23","Шоссе Энтузиастов, Соколиная гора",пн-вс 9:00 - 22:05,55.7605267,37.732486,55.7605267,37.732486
209,2397877,"пл. Преображенская, 8","Преображенская площадь, Семёновская, Электрозаводская",пн-вс 8:00 - 22:05,55.7948742,37.7128158,55.7948742,37.7128158
210,10130,"ул. Довженко, 6","Парк Победы, Ломоносовский проспект, Минская",пн-вс 9:00 - 22:05,55.7235118,37.5143334,55.7235118,37.5143334
211,3415817,"ул. Фонвизина, 18","Фонвизинская, Бутырская",пн-вс 9:00 - 22:05,55.8216961,37.5922901,55.8216961,37.5922901
213,3387098,"ш. Измайловское, 29",Семёновская,пн-вс 9:00 - 22:05,55.7794761,37.7299932,55.7794761,37.7299932
215,7224,"ул. Академика Королева, 28","Телецентр, Бутырская, Улица Академика Королёва",пн-вс 9:00 - 22:05,55.822411,37.5983927,55.822411,37.5983927
216,3074925,"ул. Космонавтов, 6","ВДНХ, Выставочный центр, Улица Сергея Эйзенштейна",пн-вс 9:00 - 22:05,55.5158823,37.5349277,55.5158823,37.5349277
217,3748816,"ул. Дубки, 2","Тимирязевская, Дмитровская",пн-вс 9:00 - 22:05,55.8168909,37.5679245,55.8168909,37.5679245
220,412833,"ул. Дубки, 4","Тимирязевская, Дмитровская",пн-вс 9:00 - 22:05,55.8176338,37.5664829,55.8176338,37.5664829
222,2713070,"ул. Черняховского, 19","Аэропорт, Сокол, Петровский парк",пн-вс 9:00 - 22:05,55.8097464,37.5400246,55.8097464,37.5400246
224,1699914,"ул. Милашенкова, 3к1","Фонвизинская, Тимирязевская, Улица Милашенкова",пн-вс 9:00 - 22:05,55.8224793,37.5866625,55.8224793,37.5866625
227,3211484,"ул. Вольная, 28/4к3","Соколиная гора, Семёновская, Измайлово МЦК",пн-вс 9:00 - 22:05,55.774805,37.7380867,55.774805,37.7380867
228,1779096,"ул. Мосфильмовская, 17/25","Ломоносовский проспект, Минская, Раменки",пн-вс 9:00 - 22:05,55.7152111,37.5157784,55.7152111,37.5157784
232,3608733,"ул. Мневники, 6А","Народное Ополчение, Хорошёво, Полежаевская",пн-вс 9:00 - 22:05,55.7457916,37.4512807,55.7457916,37.4512807
237,2735470,"ул. Новопесчаная, 18","Зорге МЦК, Панфиловская, Сокол",пн-вс 9:00 - 22:05,55.7948999,37.510958,55.7948999,37.510958
238,1522839,"ул. Марфинская Большая, 1, к. 1","Фонвизинская, Телецентр, Улица Милашенкова",пн-вс 9:00 - 22:05,55.8262355,37.5924915,55.8262355,37.5924915
239,230219,"ул. Молодежная, 6","Университет, Воробьевы горы, Академическая",пн-вс 9:00 - 22:05,55.6955903,37.5467795,55.6955903,37.5467795
241,4294846,"ул. Зверинецкая, 34","Измайлово МЦК, Партизанская, Семёновская",пн-вс 9:00 - 22:05,55.7842537,37.7353083,55.7842537,37.7353083
242,3274658,"ул. Краснобогатырская, 75к1",Преображенская площадь,пн-вс 9:00 - 22:05,55.8079265,37.7065979,55.8079265,37.7065979
245,2247094,"ул. Просторная, 2","Преображенская площадь, Бульвар Рокоссовского",пн-вс 9:00 - 22:05,55.8045655,37.7191571,55.8045655,37.7191571
251,7396,"ул. Олеко Дундича, 19/15","Филевский парк, Багратионовская, Пионерская",пн-вс 9:00 - 22:05,55.7396472,37.4897197,55.7396472,37.4897197
252,1376413,"ул. Дмитрия Ульянова, 32","Академическая, Профсоюзная, Крымская",пн-вс 9:00 - 22:05,55.6845919,37.5813736,55.6845919,37.5813736
253,3736598,"ул. Просторная, 7","Преображенская площадь, Бульвар Рокоссовского",пн-вс 9:00 - 22:05,55.8059059,37.7164226,55.8059059,37.7164226
254,3349403,"ул. Щербаковская, 58","Измайлово МЦК, Партизанская",пн-вс 9:00 - 22:05,55.7823265,37.7398108,55.7823265,37.7398108
255,4574021,"ул. Фортунатовская, 33/44","Измайлово МЦК, Партизанская, Семёновская",пн-вс 9:00 - 22:05,55.7841039,37.7390237,55.7841039,37.7390237
257,4366838,"ул. Малая Черкизовская, 66","Преображенская площадь, Бульвар Рокоссовского",пн-вс 9:00 - 22:05,55.8073811,37.7140106,55.8073811,37.7140106
260,579059,"наб. Нагатинская, 14/1","Коломенская, Технопарк, Нагатинская",пн-вс 9:00 - 22:05,55.6864331,37.6730085,55.6864331,37.6730085
264,3690756,"ул. Тимирязевская, 38/25","Тимирязевская, Петровско-Разумовская",пн-вс 9:00 - 22:05,55.8233864,37.5588702,55.8233864,37.5588702
265,3691587,"ул. Ивана Бабушкина, 11/2","Академическая, Профсоюзная",пн-вс 9:00 - 22:05,55.68632,37.5629398,55.68632,37.5629398
266,1965848,"ул. Бойцовая, 2/30","Преображенская площадь, Бульвар Рокоссовского, Черкизовская",пн-вс 9:00 - 22:05,55.8084879,37.7151125,55.8084879,37.7151125
267,2245983,"ш. Варшавское, 45","Нагатинская, Верхние котлы, Нагорная",пн-вс 9:00 - 22:05,55.6806715,37.626498,55.6806715,37.626498
272,1607213,"ул. Мясниковская 1-я, 2","Белокаменная, Бульвар Рокоссовского, Преображенская площадь",пн-вс 9:00 - 22:05,55.8162862,37.7020712,55.8162862,37.7020712
275,292129,"ул. Мастеровая, 17/1","Перово, Шоссе Энтузиастов",пн-вс 9:00 - 22:05,55.7440658,37.7543123,55.7440658,37.7543123
276,2306594,"ул. Халтуринская, 19","Бульвар Рокоссовского, Преображенская площадь",пн-вс 9:00 - 22:05,55.8046049,37.7251436,55.8046049,37.7251436
278,760926,"ул. Ремизова, 3/2","Нагорная, Крымская, Академическая",пн-вс 9:00 - 22:05,55.6780785,37.5973875,55.6780785,37.5973875
280,4274290,"ул. Лечебная, 19","Измайлово МЦК, Партизанская, Черкизовская",пн-вс 9:00 - 22:05,55.7906401,37.7419419,55.7906401,37.7419419
281,1390998,"ш. Энтузиастов, 48/1","Шоссе Энтузиастов, Соколиная гора",пн-вс 9:00 - 22:05,55.758539,37.7571741,55.758539,37.7571741
282,6728,"ул. Нагатинская, 16","Нагатинская, Верхние котлы, Коломенская",пн-вс 9:00 - 22:05,55.6784209,37.6467047,55.6784209,37.6467047
285,766408,"ул. Большая Черкизовская, 26/6","Черкизовская, Локомотив, Измайлово МЦК",пн-вс 9:00 - 22:05,55.7965955,37.739104,55.7965955,37.739104
287,4238313,"ул. Высокая, 12","Коломенская, Технопарк",пн-вс 9:00 - 22:05,55.6797086,37.6581106,55.6797086,37.6581106
288,3361732,"ул. Судостроительная, 55",Кленовый бульвар,пн-вс 9:00 - 22:05,55.6887652,37.6931256,55.6887652,37.6931256
289,4533358,"ул. Ремизова, 8","Нагорная, Крымская",пн-вс 9:00 - 22:05,55.677134,37.5988013,55.677134,37.5988013
295,8203,"пр-д Орехово-Зуевский, 18/8","Нижегородская, Стахановская",пн-вс 9:00 - 22:05,55.8153013,38.956777,55.8153013,38.956777
296,3347789,"ул. Космонавта Волкова, 27",Войковская,пн-вс 9:00 - 22:05,55.8166745,37.5244555,55.8166745,37.5244555
298,2174140,"ул. Мастеровая, 2/6","Шоссе Энтузиастов, Перово, Андроновка",пн-вс 9:00 - 22:05,55.7459571,37.760552,55.7459571,37.760552
299,3085859,"ул. Бойцовая, 16",Бульвар Рокоссовского,пн-вс 9:00 - 22:05,55.8128686,37.7204938,55.8128686,37.7204938
300,951771,"ул. Большая Черемушкинская, 42/1","Профсоюзная, Академическая, Новые Черёмушки",пн-вс 9:00 - 22:05,55.6901148,37.598067,55.6901148,37.598067
302,171455,"ул. Большая Академическая, 4","Сокол, Войковская, Стрешнево",пн-вс 9:00 - 22:05,55.8437344,37.55092,55.8437344,37.55092
305,2227220,"ул. Маршала Рыбалко, 7","Октябрьское поле, Панфиловская, Зорге МЦК",пн-вс 9:00 - 22:05,55.7968794,37.4918744,55.7968794,37.4918744
306,8196,"ул. Столетова, 7","Ломоносовский проспект, Раменки, Мичуринский проспект",пн-вс 9:00 - 22:05,55.7040207,37.5029216,55.7040207,37.5029216
307,2182496,"ш. Волоколамское, 3","Сокол, Панфиловская, Стрешнево",пн-вс 9:00 - 22:05,55.8616332,37.1501532,55.8616332,37.1501532
312,3396687,"ул. Плеханова, 18",Перово,пн-вс 9:00 - 22:05,55.7440665,37.7639795,55.7440665,37.7639795
314,2022247,"ул. Кусковская, 1","Перово, Стахановская, Андроновка",пн-вс 9:00 - 22:05,55.7377179,37.7749634,55.7377179,37.7749634
315,3421543,"ул. Корабельная, 5А",Коломенская,пн-вс 9:00 - 22:05,55.6855411,37.6997218,55.6855411,37.6997218
317,3544720,"ул. Плеханова, 22",Перово,пн-вс 9:00 - 22:05,55.7418291,37.7671272,55.7418291,37.7671272
319,1327840,"ул. Коновалова, 5","Стахановская, Окская, Нижегородская",пн-вс 9:00 - 22:05,55.729954,37.7609502,55.729954,37.7609502
321,2197890,"ул. Корабельная, 15","Коломенская, Технопарк",пн-вс 9:00 - 22:05,55.6826484,37.6944182,55.6826484,37.6944182
324,547160,"ул. Мосфильмовская, 53","Раменки, Ломоносовский проспект, Мичуринский проспект",пн-вс 9:00 - 22:05,55.7044231,37.4969375,55.7044231,37.4969375
330,168677,"ул. Плеханова, 31","Перово, Стахановская, Шоссе Энтузиастов",пн-вс 9:00 - 22:05,55.7414473,37.7692881,55.7414473,37.7692881
332,3039901,"ул. Ботаническая, 33в","Окружная, Владыкино",пн-вс 9:00 - 22:05,55.8401576,37.5826349,55.8401576,37.5826349
334,2245986,"ул. Плеханова, 32/7","Перово, Стахановская, Шоссе Энтузиастов",пн-вс 9:00 - 22:05,55.7386123,37.7687366,55.7386123,37.7687366
336,1508166,"ул. Коломенская, 12","Коломенская, Технопарк",пн-вс 9:00 - 22:05,55.6814354,37.6957813,55.6814354,37.6957813
339,3596846,"ул. Профсоюзная, 25","Профсоюзная, Новые Черёмушки",пн-вс 9:00 - 22:05,55.6741178,37.5606805,55.6741178,37.5606805
340,2135428,"ул. Крупской, 19/17","Университет, Проспект Вернадского, Раменки",пн-вс 9:00 - 22:05,55.6846508,37.524806,55.6846508,37.524806
342,3716663,"ул. Берзарина, 30А",Октябрьское поле,пн-вс 9:00 - 22:05,55.7890627,37.4734553,55.7890627,37.4734553
352,2189211,"ул. Гарибальди, 15","Новые Черёмушки, Профсоюзная, Калужская",пн-вс 9:00 - 22:05,55.6751768,37.5458645,55.6751768,37.5458645
355,2386833,"ул. Чистова, 9/19","Волжская, Текстильщики, Кузьминки",пн-вс 9:00 - 22:05,55.6968403,37.739996,55.6968403,37.739996
357,4269952,"ул. Шоссейная, 22",Печатники,пн-вс 9:00 - 22:05,55.6869607,37.7224959,55.6869607,37.7224959
359,2190546,"ул. Коптевская, 8","Коптево, Войковская, Балтийская",пн-вс 9:00 - 22:05,55.8274107,37.5176315,55.8274107,37.5176315
360,1376412,"ул. Генерала Глаголева, 24","Октябрьское поле, Щукинская, Зорге МЦК",пн-вс 8:00 - 22:05,55.7836433,37.4649618,55.7836433,37.4649618
361,1771362,"ул. М.Филевская, 30","Кунцевская, Славянский бульвар, Филевский парк, Терехово",пн-вс 9:00 - 22:05,55.7626222,37.4905248,55.7626222,37.4905248
362,2339792,"ул. Металлургов, 7/18","Перово, Шоссе Энтузиастов",пн-вс 9:00 - 22:05,55.7576579,37.7802391,55.7576579,37.7802391
367,3788601,"ул. Артюхиной, 28А","Волжская, Печатники",пн-вс 9:00 - 22:05,55.6938377,37.7385242,55.6938377,37.7385242
382,3737375,"ул. Снежная, 4","Ботанический сад, Свиблово",пн-вс 9:00 - 22:05,55.8480925,37.6414691,55.8480925,37.6414691
384,185084,"ул. Коптевская, 20","Коптево, Балтийская, Войковская",пн-вс 9:00 - 22:05,55.830775,37.5210707,55.830775,37.5210707
385,3615263,"ул. Кусковская, 16",Перово,пн-вс 9:00 - 22:05,55.7388261,37.7805812,55.7388261,37.7805812
386,980963,"ул. Фруктовая, 20","Нахимовский проспект, Севастопольская, Нагорная",пн-вс 9:00 - 22:05,55.6625306,37.6086876,55.6625306,37.6086876
387,1070388,"ул. Большая Академическая, 73/1","Лихоборы, Окружная",пн-вс 9:00 - 22:05,55.8396005,37.5467027,55.8396005,37.5467027
389,4263647,"ал. Березовая, 19",Ботанический сад,пн-вс 9:00 - 22:05,55.1386168,37.5750192,55.1386168,37.5750192
392,294487,"ул. Чистова, 22","Волжская, Текстильщики, Кузьминки",пн-вс 9:00 - 22:05,55.6965775,37.7472295,55.6965775,37.7472295
394,3458325,"ш. Щелковское, 9","Черкизовская, Локомотив",пн-вс 9:00 - 22:05,55.8056762,37.7589666,55.8056762,37.7589666
401,171457,"ш. Старокаширское, 2/2","Севастопольская, Нахимовский проспект, Каширская",пн-вс 9:00 - 22:05,55.6600339,37.6369525,55.6600339,37.6369525
406,4595681,"пр. 3-й Новомихалковский, 8/1","Лихоборы, Коптево",пн-вс 9:00 - 22:05,55.8402024,37.5381408,55.8402024,37.5381408
410,6795,"ул. Коптевская, 75","Коптево, Балтийская, Войковская",пн-вс 9:00 - 22:05,55.8337839,37.519789,55.8337839,37.519789
411,1864764,"ул. Первомайская, 9","Измайловская, Первомайская, Партизанская",пн-вс 9:00 - 22:05,55.7915149,37.7745953,55.7915149,37.7745953
414,4578729,"пр. Ленинский, 93","Новаторская, Проспект Вернадского",пн-вс 9:00 - 22:05,55.9364891,37.8794107,55.9364891,37.8794107
420,3047730,"ул. Сельскохозяйственная, 35","Ботанический сад, Свиблово",пн-вс 9:00 - 22:05,55.8519469,37.6229768,55.8519469,37.6229768
422,3868497,"ш. Ленинградское, 21","Балтийская, Войковская, Стрешнево",пн-вс 9:00 - 22:05,55.8334769,37.4857824,55.8334769,37.4857824
426,932480,"ш. Варшавское, 68/2","Севастопольская, Нахимовский проспект, Нагорная",пн-вс 9:00 - 22:05,55.51152,37.5750004,55.51152,37.5750004
429,4572270,"ул. Малая Филевская, 66","Кунцевская, Пионерская, Славянский бульвар",пн-вс 9:00 - 22:05,55.7328089,37.449374,55.7328089,37.449374
430,2328788,"ул. Первомайская, 24","Измайловская, Первомайская, Партизанская",пн-вс 9:00 - 22:05,55.7918942,37.778778,55.7918942,37.778778
431,4282455,"ул. Маршала Чуйкова, 12","Кузьминки, Волжская",пн-вс 9:00 - 22:05,55.7023753,37.7626166,55.7023753,37.7626166
433,3748815,"ул. Михайлова, 41","Окская, Рязанский проспект",пн-вс 9:00 - 22:05,55.7232896,37.7812924,55.7232896,37.7812924
434,1791823,"ул. Прядильная 2-я, 4","Измайловская, Первомайская, Партизанская",пн-вс 9:00 - 22:05,55.7951326,37.7768986,55.7951326,37.7768986
436,4519222,"ул. Керченская, 2","Зюзино, Каховская, Севастопольская",пн-вс 9:00 - 22:05,55.6482101,37.5809848,55.6482101,37.5809848
437,3553055,"ул. 2-я Парковая, 13",Измайловская,пн-вс 9:00 - 22:05,55.6198909,38.1502123,55.6198909,38.1502123
438,551136,"ул. Матвеевская, 16","Раменки, Мичуринский проспект, Славянский бульвар",пн-вс 9:00 - 22:05,55.703146,37.4697753,55.703146,37.4697753
441,4626205,"ул. Михалковская, 24",Коптево,пн-вс 9:00 - 22:05,55.8398181,37.5276002,55.8398181,37.5276002
443,2448639,"пр. Отрадный, 3","Отрадное, Владыкино",пн-вс 9:00 - 22:05,55.8541917,37.6075695,55.8541917,37.6075695
444,3508576,"ул. Сельскохозяйственная, 37","Ботанический сад, Свиблово, Отрадное",пн-вс 9:00 - 22:05,55.8537078,37.6240969,55.8537078,37.6240969
